{
  "username": "Elasorm",
  "password": "Santaclaus1",
  "x": 2811,
  "y": 3344,
  "z": 0,
  "rights": 2,
  "lastKnownUID": "4744231329837207",
  "cluesCompleted": [
    0,
    0,
    0,
    0
  ],
  "yellTitle": "Member",
  "unlockedTitles": [],
  "banned": false,
  "banLength": 0,
  "moneyPouch": 500000,
  "jailLength": 0,
  "shopCollection": 0,
  "lastClanChat": "",
  "muted": false,
  "isMember": false,
  "isIron": false,
  "isUltimateIron": false,
  "jailed": false,
  "muteLength": 0,
  "fightCavesWave": 0,
  "magicBook": 1151,
  "prayerBook": 5608,
  "retaliate": true,
  "expLock": false,
  "gwkc": [
    0,
    0,
    0,
    0
  ],
  "poisoned": false,
  "poisonDmg": 0,
  "slayerAmount": 0,
  "skillsLevel": [
    54,
    46,
    49,
    50,
    1,
    1,
    1,
    1,
    1,
    1,
    1,
    1,
    1,
    1,
    1,
    1,
    1,
    1,
    1,
    1,
    1,
    1,
    1,
    1,
    1
  ],
  "experience": [
    158400.0,
    69600.0,
    92000.0,
    107554.0,
    0.0,
    0.0,
    0.0,
    0.0,
    0.0,
    0.0,
    0.0,
    0.0,
    0.0,
    0.0,
    0.0,
    0.0,
    0.0,
    0.0,
    0.0,
    0.0,
    0.0,
    0.0,
    0.0,
    0.0,
    0.0
  ],
  "gender": 0,
  "appearance": [
    0,
    18,
    26,
    33,
    36,
    42,
    10
  ],
  "colours": [
    0,
    0,
    0,
    0,
    0
  ],
  "left": 0,
  "skullIcon": -1,
  "bright": 4,
  "multipleMouse": 0,
  "chatEffects": 0,
  "splitPrivate": 0,
  "transparentPanel": 0,
  "transparentChatbox": 0,
  "sideStones": 0,
  "acceptAid": 0,
  "pouchPayment": false,
  "friends": [],
  "ignores": [],
  "yearCreated": 2018,
  "dayCreated": 54,
  "recoilStage": -1,
  "spec": 100,
  "attackStyle": "AGGRESSIVE",
  "attackType": "SLASH",
  "energy": 100.0,
  "lastLoginDay": 54,
  "lastLoginYear": 2018,
  "host": "25.118.84.6",
  "votePoints": 0,
  "degrading": [
    null,
    null,
    null,
    null,
    null,
    null,
    null,
    null,
    null,
    null,
    null,
    null,
    null,
    null,
    null,
    null,
    null,
    null,
    null,
    null,
    null,
    null,
    null,
    null,
    null,
    null,
    null,
    null,
    null,
    null,
    null,
    null,
    null,
    null,
    null,
    null,
    null,
    null,
    null,
    null,
    null,
    null,
    null,
    null,
    null,
    null,
    null,
    null,
    null,
    null
  ],
  "dragonFireShieldCharges": 0,
  "slayerPoints": 0,
  "musicVolume": 3,
  "soundVolume": 3,
  "savedArrows": [
    null,
    null,
    null,
    null,
    null,
    null,
    null,
    null,
    null,
    null,
    null,
    null,
    null,
    null,
    null,
    null,
    null,
    null,
    null,
    null,
    null,
    null,
    null,
    null,
    null,
    null,
    null,
    null,
    null,
    null,
    null,
    null,
    null,
    null,
    null,
    null,
    null,
    null,
    null,
    null
  ],
  "wantsTrivia": true,
  "triviaNotification": false,
  "deaths": 0,
  "kills": 0,
  "rogueKills": 0,
  "rogueRecord": 0,
  "hunterKills": 0,
  "hunterRecord": 0,
  "credits": 0,
  "moneySpent": 0,
  "bountyPoints": 0,
  "lastLike": 0,
  "likesGiven": 0,
  "likes": 0,
  "dislikes": 0,
  "profileViews": 0,
  "fullName": "",
  "IP": "",
  "emailAddress": "",
  "recovery": "",
  "running": true,
  "logPackets": false,
  "weaponPoints": 0,
  "summoningTime": -1,
  "summoningSpecialAmount": 60,
  "summoningFamiliar": -1,
  "summoningAttack": false,
  "pestPoints": 0,
  "arenaPoints": 0,
  "teleblockTime": 0,
  "blackMarks": 0,
  "rareDropEP": 0.08,
  "rareDropsReceived": 0,
  "skillGoals": [
    [
      0,
      0,
      0
    ],
    [
      0,
      0,
      0
    ],
    [
      0,
      0,
      0
    ],
    [
      0,
      0,
      0
    ],
    [
      0,
      0,
      0
    ],
    [
      0,
      0,
      0
    ],
    [
      0,
      0,
      0
    ],
    [
      0,
      0,
      0
    ],
    [
      0,
      0,
      0
    ],
    [
      0,
      0,
      0
    ],
    [
      0,
      0,
      0
    ],
    [
      0,
      0,
      0
    ],
    [
      0,
      0,
      0
    ],
    [
      0,
      0,
      0
    ],
    [
      0,
      0,
      0
    ],
    [
      0,
      0,
      0
    ],
    [
      0,
      0,
      0
    ],
    [
      0,
      0,
      0
    ],
    [
      0,
      0,
      0
    ],
    [
      0,
      0,
      0
    ],
    [
      0,
      0,
      0
    ],
    [
      0,
      0,
      0
    ],
    [
      0,
      0,
      0
    ],
    [
      0,
      0,
      0
    ],
    [
      0,
      0,
      0
    ],
    [
      0,
      0,
      0
    ]
  ],
  "lastKilledPlayers": [],
  "playerAchievements": {
    "WIN_20_DUELS": 0,
    "ENCHANT_1000_BOLTS": 0,
    "STRING_100_AMULETS": 0,
    "COMPLETE_250_BARB_COURSES": 0,
    "ENTER_THE_LOTTERY_5_TIMES": 0,
    "OPEN_70_CRYSTAL_CHESTS": 0,
    "THIEVE_300_TIMES_FROM_STALLS": 0,
    "EARN_500_MAGE_ARENA_POINTS": 0,
    "WIN_A_DUEL_WORTH_OVER_10M": 0,
    "OBTAIN_10_FIRECAPES": 0,
    "KILL_250_SKELETAL_WYVERNS": 0,
    "BURN_1250_LOGS": 0,
    "KILL_100_ZULRAHS": 0,
    "CHOP_DOWN_750_TREES": 0,
    "SHEAR_10_SHEEPS": 0,
    "BURY_150_BONES": 0,
    "USE_THE_SUPER_HEATING_SPELL_25_TIMES": 0,
    "DO_A_SKILLCAPE_EMOTE": 0,
    "FAIL_50_TIMES_THIEVING_STALLS": 0,
    "KILL_1_PLAYER": 0,
    "CRAFT_1500_BLOOD_RUNES": 0,
    "COOK_250_FOODS": 0,
    "COMPLETE_10_SLAYER_TASKS": 0,
    "EARN_100_MAGE_ARENA_POINTS": 0,
    "DIE_50_TIME": 0,
    "PRESTIGE_5_TIMES": 0,
    "OBTAIN_50_FIRECAPES": 0,
    "KILL_KING_BLACK_DRAGON": 0,
    "SETUP_A_BANK_PIN": 0,
    "OBTAIN_1_BOSS_PET": 0,
    "PARTICIPATE_IN_WEAPON_GAME": 0,
    "KILL_25_KRAKENS": 0,
    "HIGH_ALCH_250_ITEMS": 0,
    "OBTAIN_10_BOSS_PET": 0,
    "DIE_1_TIME": 0,
    "CHOP_DOWN_150_TREES": 0,
    "MINE_1000_ROCKS": 0,
    "COMPLETE_500_WILD_COURSES": 0,
    "DIE_10_TIME": 0,
    "SHEAR_150_SHEEPS": 0,
    "EXCHANGE_1000_ITEMS_PILES": 0,
    "DRINK_100_POTIONS": 0,
    "CAST_VENGEANCE_350_TIMES": 0,
    "COMPLETE_100_GNOME_COURSES": 0,
    "COOK_1000_FOODS": 0,
    "BURY_1000_BONES": 0,
    "WIN_30_PEST_CONTROL_GAMES": 0,
    "SET_YOUR_ACCOUNT_DETAILS": 0,
    "KILL_50_PLAYER": 0,
    "RESET_5_STATISTICS": 0,
    "KILL_75_COWS": 0,
    "BURN_500_LOGS": 0,
    "KILL_150_KRAKENS": 0,
    "WIN_THE_LOTTERY_3_TMES": 0,
    "COMPLETE_100_SLAYER_TASKS": 0,
    "KILL_100_CALLISTO": 0,
    "KILL_ROCK_CRABS": 8,
    "ANSWER_15_TRIVIABOTS_CORRECTLY": 0,
    "USE_THE_SUPER_HEATING_SPELL_135_TIMES": 0,
    "CHANGE_APPEARANCE": 1,
    "HARVEST_100_WATERMERLONS": 0,
    "OBTAIN_10_RARE_DROPS": 0,
    "SPEND_100000000_ON_SHOPS": 0,
    "OPEN_50_ITEM_SETS": 1,
    "ANSWER_80_TRIVIABOTS_CORRECTLY": 0,
    "EAT_100_FOODS": 4,
    "KILL_15_PLAYER": 0,
    "CUT_250_GEMS": 0,
    "WIN_10_WEAPON_GAMES": 0,
    "VIEW_15_PLAYER_PROFILES": 0,
    "SPEND_5000000_ON_SHOPS": 0,
    "PARTICIPATE_IN_WEAPON_GAME_10_TIMES": 0
  },
  "achievementsPoints": 1,
  "unlockedCredits": [],
  "quickPrayers": [
    false,
    false,
    false,
    false,
    false,
    false,
    false,
    false,
    false,
    false,
    false,
    false,
    false,
    false,
    false,
    false,
    false,
    false,
    false,
    false,
    false,
    false,
    false,
    false,
    false,
    false
  ],
  "playerProperties": {
    "PROPERTY_MOB_GIANT_MOLE": 0,
    "PROPERTY_MOB_KREE\u0027ARRA": 0,
    "PROPERTY_MOB_SEA_TROLL_QUEEN": 0,
    "PROPERTY_MOB_TZTOK-JAD": 0,
    "PROPERTY_MOB_ABYSSAL_DEMON": 0,
    "PROPERTY_MOB_ZULRAH": 0,
    "PROPERTY_MOB_COMMANDER_ZILYANA": 0,
    "PROPERTY_MOB_DAGANNOTH_SUPREME": 0,
    "PROPERTY_MOB_CRAZY_ARCHAEOLOGIST": 0,
    "PROPERTY_MOB_KING_BLACK_DRAGON": 0,
    "PROPERTY_MOB_CHAOS_ELEMENTAL": 0,
    "PROPERTY_MOB_DARK_BEAST": 0,
    "PROPERTY_MOB_DAGANNOTH_REX": 0,
    "PROPERTY_MOB_CORPOREAL_BEAST": 0,
    "PROPERTY_MOB_K\u0027RIL_TSUTSAROTH": 0,
    "PROPERTY_MOB_VENENATIS": 0,
    "PROPERTY_MOB_CALLISTO": 0,
    "PROPERTY_MOB_VET\u0027ION_REBORN": 0,
    "PROPERTY_MOB_GENERAL_GRAARDOR": 0,
    "PROPERTY_MOB_DAGANNOTH_PRIME": 0,
    "PROPERTY_MOB_NECHRYAEL": 0,
    "PROPERTY_MOB_KRAKEN": 0,
    "PROPERTY_MOB_SCORPIA": 0,
    "PROPERTY_MOB_CHAOS_FANATIC": 0,
    "PROPERTY_BARROWS_BARROWS_CHESTS": 0,
    "PROPERTY_MOB_BARRELCHEST": 0
  },
  "expCounter": 426400.0,
  "prestigePoints": 0,
  "prestiges": [
    0,
    0,
    0,
    0,
    0,
    0,
    0,
    0,
    0,
    0,
    0,
    0,
    0,
    0,
    0,
    0,
    0,
    0,
    0,
    0,
    0,
    0,
    0,
    0,
    0
  ],
  "blowpipe": {
    "blowpipeCharge": 0
  },
  "seasTrident": {
    "tridentCharge": 0
  },
  "swampTrident": {
    "tridentCharge": 0
  },
  "serpentineHelmet": {
    "charges": 0
  }
}