<list>
    //General store
    <ShopDefinition>
        <id>0</id>
        <name>General Store</name>
        <general>true</general>
        <items>
            <item>
                <id>954</id>
                <amount>100</amount>
            </item>
            <item>
                <id>1735</id>
                <amount>100</amount>
            </item>
            <item>
                <id>590</id>
                <amount>100</amount>
            </item>
            <item>
                <id>1523</id>
                <amount>3000</amount>
            </item>
            <item>
                <id>1755</id>
                <amount>50000</amount>
            </item>
			   <item>
                <id>946</id>
                <amount>50000</amount>
            </item>
			   <item>
                <id>952</id>
                <amount>50000</amount>
            </item>			
        </items>
    </ShopDefinition>

   //Consumables store
    <ShopDefinition>
        <id>15</id>
        <name>Consumables Store</name>
        <general>false</general>
        <items>
            <item>
                <id>315</id>
                <amount>5000</amount>
            </item>
            <item>
                <id>347</id>
                <amount>5000</amount>
            </item>
            <item>
                <id>319</id>
                <amount>5000</amount>
            </item>
            <item>
                <id>333</id>
                <amount>5000</amount>
            </item>
            <item>
                <id>329</id>
                <amount>5000</amount>
            </item>
            <item>
                <id>361</id>
                <amount>5000</amount>
            </item>
            <item>
                <id>379</id>
                <amount>5000</amount>
            </item>
            <item>
                <id>373</id>
                <amount>5000</amount>
            </item>
            <item>
                <id>7946</id>
                <amount>5000</amount>
            </item>
			<item>
                <id>385</id>
                <amount>5000</amount>
            </item>			
			<item>
                <id>391</id>
                <amount>5000</amount>
            </item>			
			<item>
                <id>7060</id>
                <amount>5000</amount>
            </item>			
            <item>
                <id>2428</id>
                <amount>5000</amount>
            </item>
            <item>
                <id>113</id>
                <amount>5000</amount>
            </item>
            <item>
                <id>2432</id>
                <amount>5000</amount>
            </item>
            <item>
                <id>2452</id>
                <amount>5000</amount>
            </item>
            <item>
                <id>4045</id>
                <amount>5000</amount>
            </item>
            <item>
                <id>2446</id>
                <amount>5000</amount>
            </item>
            <item>
                <id>2448</id>
                <amount>5000</amount>
            </item>			
            <item>
                <id>2434</id>
                <amount>5000</amount>
            </item>			
            <item>
                <id>3024</id>
                <amount>5000</amount>
            </item>			
            <item>
                <id>6685</id>
                <amount>5000</amount>
            </item>			
            <item>
                <id>2436</id>
                <amount>5000</amount>
            </item>	
            <item>
                <id>2440</id>
                <amount>5000</amount>
            </item>		
            <item>
                <id>2442</id>
                <amount>5000</amount>
            </item>
            <item>
                <id>2444</id>
                <amount>5000</amount>
            </item>			
            <item>
                <id>3040</id>
                <amount>5000</amount>
            </item>			
            <item>
                <id>229</id>
                <amount>10000</amount>
            </item>			
        </items>
    </ShopDefinition>
	
   //Weapon store
    <ShopDefinition>
        <id>16</id>
        <name>Weapon Store</name>
        <general>false</general>
        <items>
            <item>
                <id>1321</id>
                <amount>100</amount>
            </item>
            <item>
                <id>1323</id>
                <amount>100</amount>
            </item>
            <item>
                <id>1309</id>
                <amount>100</amount>
            </item>
            <item>
                <id>1325</id>
                <amount>100</amount>
            </item>
            <item>
                <id>1311</id>
                <amount>100</amount>
            </item>
            <item>
                <id>1327</id>
                <amount>100</amount>
            </item>
            <item>
                <id>1313</id>
                <amount>100</amount>
            </item>
            <item>
                <id>1329</id>
                <amount>100</amount>
            </item>
            <item>
                <id>1315</id>
                <amount>100</amount>
            </item>
            <item>
                <id>1331</id>
                <amount>100</amount>
            </item>
            <item>
                <id>1317</id>
                <amount>100</amount>
            </item>
            <item>
                <id>1333</id>
                <amount>100</amount>
            </item>
            <item>
                <id>1319</id>
                <amount>100</amount>
            </item>
            <item>
                <id>1373</id>
                <amount>100</amount>
            </item>
            <item>
                <id>1347</id>
                <amount>100</amount>
            </item>			
            <item>
                <id>4587</id>
                <amount>100</amount>
            </item>
            <item>
                <id>1305</id>
                <amount>100</amount>
            </item>
            <item>
                <id>1434</id>
                <amount>100</amount>
            </item>
            <item>
                <id>1215</id>
                <amount>100</amount>
            </item>
            <item>
                <id>3204</id>
                <amount>100</amount>
            </item>
            <item>
                <id>1249</id>
                <amount>100</amount>
            </item>
        </items>
    </ShopDefinition>

   //Skilling store
    <ShopDefinition>
        <id>17</id>
        <name>Skilling Store</name>
        <general>false</general>
        <items>
            <item>
                <id>1349</id>
                <amount>100</amount>
            </item>
            <item>
                <id>1355</id>
                <amount>100</amount>
            </item>
            <item>
                <id>1357</id>
                <amount>100</amount>
            </item>
            <item>
                <id>1359</id>
                <amount>100</amount>
            </item>
            <item>
                <id>1267</id>
                <amount>100</amount>
            </item>
            <item>
                <id>1273</id>
                <amount>100</amount>
            </item>
            <item>
                <id>1271</id>
                <amount>100</amount>
            </item>
            <item>
                <id>1275</id>
                <amount>100</amount>
            </item>
            <item>
                <id>1778</id>
                <amount>1000</amount>
            </item>
            <item>
                <id>2347</id>
                <amount>100</amount>
            </item>
            <item>
                <id>1755</id>
                <amount>100</amount>
            </item>
            <item>
                <id>1624</id>
                <amount>15000</amount>
            </item>
            <item>
                <id>1622</id>
                <amount>15000</amount>
            </item>
            <item>
                <id>1620</id>
                <amount>15000</amount>
            </item>
            <item>
                <id>1618</id>
                <amount>15000</amount>
            </item>
            <item>
                <id>1626</id>
                <amount>15000</amount>
            </item>
            <item>
                <id>1628</id>
                <amount>15000</amount>
            </item>
            <item>
                <id>1630</id>
                <amount>15000</amount>
            </item>
            <item>
                <id>228</id>
                <amount>1000</amount>
            </item>
            <item>
                <id>1437</id>
                <amount>10000000</amount>
            </item>
            <item>
                <id>1733</id>
                <amount>100</amount>
            </item>
            <item>
                <id>1742</id>
                <amount>100</amount>
            </item>
            <item>
                <id>1744</id>
                <amount>100</amount>
            </item>
            <item>
                <id>303</id>
                <amount>100</amount>
            </item>
            <item>
                <id>305</id>
                <amount>100</amount>
            </item>
            <item>
                <id>309</id>
                <amount>100</amount>
            </item>
            <item>
                <id>307</id>
                <amount>100</amount>
            </item>
            <item>
                <id>301</id>
                <amount>100</amount>
            </item>
            <item>
                <id>311</id>
                <amount>100</amount>
            </item>
            <item>
                <id>313</id>
                <amount>10000</amount>
            </item>
            <item>
                <id>314</id>
                <amount>10000</amount>
            </item>
            <item>
                <id>11940</id>
                <amount>5000</amount>
            </item>
            <item>
                <id>1759</id>
                <amount>100</amount>
            </item>
            <item>
                <id>590</id>
                <amount>100</amount>
            </item>
            <item>
                <id>233</id>
                <amount>100</amount>
            </item>
            <item>
                <id>1734</id>
                <amount>10000</amount>
            </item>			
        </items>
    </ShopDefinition>	
	
    //Armour store
    <ShopDefinition>
        <id>18</id>
        <name>Armour Store</name>
        <general>false</general>
        <items>
            <item>
                <id>12960</id>
                <amount>100</amount>
            </item>
            <item>
                <id>12962</id>
                <amount>100</amount>
            </item>
            <item>
                <id>12972</id>
                <amount>100</amount>
            </item>
            <item>
                <id>12974</id>
                <amount>100</amount>
            </item>
            <item>
                <id>12984</id>
                <amount>100</amount>
            </item>
            <item>
                <id>12986</id>
                <amount>100</amount>
            </item>
            <item>
                <id>12988</id>
                <amount>100</amount>
            </item>
            <item>
                <id>12990</id>
                <amount>100</amount>
            </item>
            <item>
                <id>13000</id>
                <amount>100</amount>
            </item>
            <item>
                <id>13002</id>
                <amount>100</amount>
            </item>
            <item>
                <id>13012</id>
                <amount>100</amount>
            </item>
            <item>
                <id>13014</id>
                <amount>100</amount>
            </item>
            <item>
                <id>13024</id>
                <amount>100</amount>
            </item>
            <item>
                <id>13026</id>
                <amount>100</amount>
            </item>			
			<item>
                <id>9666</id>
                <amount>100</amount>
            </item>
			<item>
				<id>9670</id>
                <amount>100</amount>
            </item>					
            <item>
                <id>6128</id>
                <amount>100</amount>
            </item>
            <item>
                <id>6129</id>
                <amount>100</amount>
            </item>
            <item>
                <id>6130</id>
                <amount>100</amount>
            </item>
            <item>
                <id>6151</id>
                <amount>100</amount>
            </item>
            <item>
                <id>6145</id>
                <amount>100</amount>
            </item>
            <item>
                <id>3753</id>
                <amount>100</amount>
            </item>
            <item>
                <id>3751</id>
                <amount>100</amount>
            </item>
            <item>
                <id>3755</id>
                <amount>100</amount>
            </item>
            <item>
                <id>3749</id>
                <amount>100</amount>
            </item>
            <item>
                <id>10828</id>
                <amount>100</amount>
            </item>
        </items>
    </ShopDefinition>
	
	//Skillcape store
	<ShopDefinition>
		<id>20</id>
		<name>Skillcape store</name>
		<general>false</general>		
		<items>	
			<item>
				<id>9786</id>
				<amount>200</amount>
			</item>
			<item>
				<id>9788</id>
				<amount>200</amount>
			</item>
			<item>
				<id>9792</id>
				<amount>200</amount>
			</item>
			<item>
				<id>9794</id>
				<amount>200</amount>
			</item>
			<item>
				<id>9795</id>
				<amount>200</amount>
			</item>
			<item>
				<id>9797</id>
				<amount>200</amount>
			</item>
			<item>
				<id>9798</id>
				<amount>200</amount>
			</item>
			<item>
				<id>9800</id>
				<amount>200</amount>
			</item>
			<item>
				<id>9801</id>
				<amount>200</amount>
			</item>
			<item>
				<id>9803</id>
				<amount>200</amount>
			</item>
			<item>
				<id>9804</id>
				<amount>200</amount>
			</item>
			<item>
				<id>9806</id>
				<amount>200</amount>
			</item>
			<item>
				<id>9807</id>
				<amount>200</amount>
			</item>
			<item>
				<id>9809</id>
				<amount>200</amount>
			</item>
			<item>
				<id>9810</id>
				<amount>200</amount>
			</item>
			<item>
				<id>9812</id>
				<amount>200</amount>
			</item>
		</items>
	</ShopDefinition>

   //Range store
    <ShopDefinition>
        <id>25</id>
        <name>Ranged store</name>
        <general>false</general>
        <items>
            <item>
                <id>841</id>
                <amount>7500</amount>
            </item>
            <item>
                <id>843</id>
                <amount>7500</amount>
            </item>
            <item>
                <id>849</id>
                <amount>7500</amount>
            </item>
            <item>
                <id>853</id>
                <amount>7500</amount>
            </item>
            <item>
                <id>857</id>
                <amount>7500</amount>
            </item>
            <item>
                <id>861</id>
                <amount>7500</amount>
            </item>
            <item>
                <id>9185</id>
                <amount>7500</amount>
            </item>
            <item>
                <id>884</id>
                <amount>7500</amount>
            </item>
            <item>
                <id>886</id>
                <amount>7500</amount>
            </item>
            <item>
                <id>888</id>
                <amount>7500</amount>
            </item>
            <item>
                <id>890</id>
                <amount>7500</amount>
            </item>
            <item>
                <id>892</id>
                <amount>7500</amount>
            </item>
            <item>
                <id>9142</id>
                <amount>7500</amount>
            </item>
            <item>
                <id>9143</id>
                <amount>7500</amount>
            </item>
            <item>
                <id>9144</id>
                <amount>7500</amount>
            </item>
            <item>
                <id>863</id>
                <amount>7500</amount>
            </item>
            <item>
                <id>868</id>
                <amount>7500</amount>
            </item>
            <item>
                <id>807</id>
                <amount>7500</amount>
            </item>
            <item>
                <id>811</id>
                <amount>7500</amount>
            </item>
            <item>
                <id>801</id>
                <amount>7500</amount>
            </item>
            <item>
                <id>805</id>
                <amount>7500</amount>
            </item>
            <item>
                <id>1129</id>
                <amount>7500</amount>
            </item>
            <item>
                <id>1095</id>
                <amount>7500</amount>
            </item>
            <item>
                <id>1133</id>
                <amount>7500</amount>
            </item>
            <item>
                <id>1097</id>
                <amount>7500</amount>
            </item>				
            <item>
                <id>12865</id>
                <amount>7500</amount>
            </item>
            <item>
                <id>12867</id>
                <amount>7500</amount>
            </item>
            <item>
                <id>12869</id>
                <amount>7500</amount>
            </item>
            <item>
                <id>12871</id>
                <amount>7500</amount>
            </item>
            <item>
                <id>10498</id>
                <amount>7500</amount>
            </item>
            <item>
                <id>10499</id>
                <amount>7500</amount>
            </item>
        </items>
    </ShopDefinition>	
	
	//Magic store
    <ShopDefinition>
        <id>26</id>
        <name>Magic store</name>
        <general>false</general>
        <items>
            <item>
                <id>554</id>
                <amount>10000</amount>
            </item>
            <item>
                <id>555</id>
                <amount>10000</amount>
            </item>
            <item>
                <id>556</id>
                <amount>10000</amount>
            </item>
            <item>
                <id>557</id>
                <amount>10000</amount>
            </item>
            <item>
                <id>558</id>
                <amount>10000</amount>
            </item>
            <item>
                <id>563</id>
                <amount>10000</amount>
            </item>
            <item>
                <id>561</id>
                <amount>10000</amount>
            </item>
            <item>
                <id>562</id>
                <amount>10000</amount>
            </item>
            <item>
                <id>566</id>
                <amount>10000</amount>
            </item>		
            <item>
                <id>560</id>
                <amount>10000</amount>
            </item>			
            <item>
                <id>565</id>
                <amount>10000</amount>
            </item>			
            <item>
                <id>9075</id>
                <amount>10000</amount>
            </item>			
			<item>
                <id>4675</id>
                <amount>100</amount>
            </item>
            <item>
                <id>1381</id>
                <amount>100</amount>
            </item>
            <item>
                <id>1383</id>
                <amount>100</amount>
            </item>
            <item>
                <id>1385</id>
                <amount>100</amount>
            </item>
            <item>
                <id>1387</id>
                <amount>100</amount>
            </item>
			            <item>
                <id>2415</id>
                <amount>100</amount>
            </item>
            <item>
                <id>2416</id>
                <amount>100</amount>
            </item>
            <item>
                <id>2417</id>
                <amount>100</amount>
            </item>
            <item>
                <id>4089</id>
                <amount>100</amount>
            </item>
            <item>
                <id>4091</id>
                <amount>100</amount>
            </item>
            <item>
                <id>4093</id>
                <amount>100</amount>
            </item>
            <item>
                <id>4097</id>
                <amount>100</amount>
            </item>
            <item>
                <id>4099</id>
                <amount>100</amount>
            </item>
            <item>
                <id>4101</id>
                <amount>100</amount>
            </item>
            <item>
                <id>4103</id>
                <amount>100</amount>
            </item>
            <item>
                <id>4107</id>
                <amount>100</amount>
            </item>
            <item>
                <id>4109</id>
                <amount>100</amount>
            </item>
            <item>
                <id>4111</id>
                <amount>100</amount>
            </item>
            <item>
                <id>4113</id>
                <amount>100</amount>
            </item>
            <item>
                <id>4117</id>
                <amount>100</amount>
            </item>
            <item>
                <id>7400</id>
                <amount>100</amount>
            </item>
            <item>
                <id>7399</id>
                <amount>100</amount>
            </item>
            <item>
                <id>7398</id>
                <amount>100</amount>
            </item>
        </items>
    </ShopDefinition>
	
    //Accessories store
    <ShopDefinition>
        <id>27</id>
        <name>Accessories store</name>
        <general>false</general>
        <items>
            <item>
                <id>1725</id>
                <amount>100</amount>
            </item>
            <item>
                <id>1704</id>
                <amount>100</amount>
            </item>
            <item>
                <id>11090</id>
                <amount>100</amount>
            </item>
            <item>
                <id>2570</id>
                <amount>100</amount>
            </item>
            <item>
                <id>2550</id>
                <amount>100</amount>
            </item>
            <item>
                <id>11118</id>
                <amount>100</amount>
            </item>
            <item>
                <id>6109</id>
                <amount>100</amount>
            </item>
            <item>
                <id>6107</id>
                <amount>100</amount>
            </item>
            <item>
                <id>6108</id>
                <amount>100</amount>
            </item>
            <item>
                <id>6110</id>
                <amount>100</amount>
            </item>
            <item>
                <id>6106</id>
                <amount>100</amount>
            </item>
            <item>
                <id>6111</id>
                <amount>100</amount>
            </item>
            <item>
                <id>544</id>
                <amount>100</amount>
            </item>
            <item>
                <id>542</id>
                <amount>100</amount>
            </item>
            <item>
                <id>3840</id>
                <amount>100</amount>
            </item>
            <item>
                <id>3842</id>
                <amount>100</amount>
            </item>		
            <item>
                <id>3844</id>
                <amount>100</amount>
            </item>
            <item>
                <id>3105</id>
                <amount>100</amount>
            </item>
            <item>
                <id>1540</id>
                <amount>100</amount>
            </item>	
            <item>
                <id>9729</id>
                <amount>100</amount>
            </item>	
            <item>
                <id>2890</id>
                <amount>100</amount>
            </item>				
        </items>
    </ShopDefinition>	
	
    //Clothing store
    <ShopDefinition>
        <id>28</id>
        <name>Clothing store</name>
        <general>false</general>
        <items>
            <item>
                <id>7003</id>
                <amount>100</amount>
            </item>
            <item>
                <id>6335</id>
                <amount>100</amount>
            </item>
            <item>
                <id>6337</id>
                <amount>100</amount>
            </item>
            <item>
                <id>6339</id>
                <amount>100</amount>
            </item>
            <item>
                <id>5554</id>
                <amount>100</amount>
            </item>
            <item>
                <id>5553</id>
                <amount>100</amount>
            </item>
            <item>
                <id>5555</id>
                <amount>100</amount>
            </item>
            <item>
                <id>5556</id>
                <amount>100</amount>
            </item>
            <item>
                <id>5557</id>
                <amount>100</amount>
            </item>
            <item>
                <id>4567</id>
                <amount>100</amount>
            </item>
            <item>
                <id>4551</id>
                <amount>100</amount>
            </item>
            <item>
                <id>7534</id>
                <amount>100</amount>
            </item>		
            <item>
                <id>10862</id>
                <amount>100</amount>
            </item>
            <item>
                <id>6188</id>
                <amount>100</amount>
            </item>
            <item>
                <id>6184</id>
                <amount>100</amount>
            </item>
            <item>
                <id>6185</id>
                <amount>100</amount>
            </item>
            <item>
                <id>6186</id>
                <amount>100</amount>
            </item>
            <item>
                <id>6187</id>
                <amount>100</amount>
            </item>					
        </items>
    </ShopDefinition>	
	
	    //Merchant store
    <ShopDefinition>
        <id>29</id>
        <name>Merchant store</name>
        <general>true</general>
        <items>
            <item>
                <id>3162</id>
                <amount>0</amount>
            </item>
            <item>
                <id>1887</id>
                <amount>0</amount>
            </item>
            <item>
                <id>1635</id>
                <amount>0</amount>
            </item>
            <item>
                <id>8788</id>
                <amount>0</amount>
            </item>
            <item>
                <id>6721</id>
                <amount>0</amount>
            </item>
        </items>
    </ShopDefinition>
	
	    //Runecrafting store
    <ShopDefinition>
        <id>30</id>
        <name>Runecrafter store</name>
        <general>false</general>
        <items>
            <item>
                <id>1446</id>
                <amount>100</amount>
            </item>
            <item>
                <id>1448</id>
                <amount>100</amount>
            </item>
            <item>
                <id>1438</id>
                <amount>100</amount>
            </item>
            <item>
                <id>1440</id>
                <amount>100</amount>
            </item>
            <item>
                <id>1442</id>
                <amount>100</amount>
            </item>
            <item>
                <id>1444</id>
                <amount>100</amount>
            </item>
            <item>
                <id>1454</id>
                <amount>100</amount>
            </item>			
        </items>
    </ShopDefinition>	
	
	    //Runecrafting store
    <ShopDefinition>
        <id>31</id>
        <name>Packs store</name>
        <general>false</general>
        <items>
            <item>
                <id>11877</id>
                <amount>100</amount>
            </item>
            <item>
                <id>11879</id>
                <amount>100</amount>
            </item>
            <item>
                <id>11881</id>
                <amount>100</amount>
            </item>
            <item>
                <id>11883</id>
                <amount>100</amount>
            </item>
            <item>
                <id>11885</id>
                <amount>100</amount>
            </item>
            <item>
                <id>12009</id>
                <amount>100</amount>
            </item>
            <item>
                <id>12728</id>
                <amount>100</amount>
            </item>	
            <item>
                <id>12730</id>
                <amount>100</amount>
            </item>	
            <item>
                <id>12732</id>
                <amount>100</amount>
            </item>	
            <item>
                <id>12734</id>
                <amount>100</amount>
            </item>	
            <item>
                <id>12736</id>
                <amount>100</amount>
            </item>	
            <item>
                <id>12738</id>
                <amount>100</amount>
            </item>		
            <item>
                <id>12740</id>
                <amount>100</amount>
            </item>		
            <item>
                <id>12742</id>
                <amount>100</amount>
            </item>		
            <item>
                <id>12859</id>
                <amount>100</amount>
            </item>							
        </items>
    </ShopDefinition>	

	    //Farming store
    <ShopDefinition>
        <id>32</id>
        <name>Farming store</name>
        <general>false</general>
        <items>
            <item>
                <id>5341</id>
                <amount>1000</amount>
            </item>
            <item>
                <id>952</id>
                <amount>1000</amount>
            </item>
            <item>
                <id>5331</id>
                <amount>1000</amount>
            </item>
            <item>
                <id>5343</id>
                <amount>1000</amount>
            </item>
            <item>
                <id>5325</id>
                <amount>1000</amount>
            </item>
            <item>
                <id>5318</id>
                <amount>1000</amount>
            </item>
            <item>
                <id>5324</id>
                <amount>1000</amount>
            </item>	
            <item>
                <id>5323</id>
                <amount>1000</amount>
            </item>	
            <item>
                <id>5321</id>
                <amount>1000</amount>
            </item>	
            <item>
                <id>5291</id>
                <amount>1000</amount>
            </item>	
            <item>
                <id>5292</id>
                <amount>1000</amount>
            </item>	
            <item>
                <id>5293</id>
                <amount>1000</amount>
            </item>		
            <item>
                <id>5294</id>
                <amount>1000</amount>
            </item>		
            <item>
                <id>5295</id>
                <amount>1000</amount>
            </item>		
            <item>
                <id>5296</id>
                <amount>1000</amount>
            </item>	
            <item>
                <id>5297</id>
                <amount>1000</amount>
            </item>	
            <item>
                <id>5298</id>
                <amount>1000</amount>
            </item>		
            <item>
                <id>5299</id>
                <amount>1000</amount>
            </item>		
            <item>
                <id>5300</id>
                <amount>1000</amount>
            </item>		
            <item>
                <id>5301</id>
                <amount>1000</amount>
            </item>	
            <item>
                <id>5302</id>
                <amount>1000</amount>
            </item>	
            <item>
                <id>5303</id>
                <amount>1000</amount>
            </item>				
            <item>
                <id>5304</id>
                <amount>1000</amount>
            </item>		
            <item>
                <id>6036</id>
                <amount>1000</amount>
            </item>		
        </items>
    </ShopDefinition>	

	    //Herblore store
    <ShopDefinition>
        <id>33</id>
        <name>Herblore store</name>
        <general>false</general>
        <items>
            <item>
                <id>233</id>
                <amount>5000</amount>
            </item>			
            <item>
                <id>235</id>
                <amount>5000</amount>
            </item>
            <item>
                <id>1526</id>
                <amount>5000</amount>
            </item>
            <item>
                <id>225</id>
                <amount>5000</amount>
            </item>
            <item>
                <id>223</id>
                <amount>5000</amount>
            </item>
            <item>
                <id>1975</id>
                <amount>5000</amount>
            </item>
            <item>
                <id>239</id>
                <amount>5000</amount>
            </item>
            <item>
                <id>9736</id>
                <amount>5000</amount>
            </item>	
            <item>
                <id>231</id>
                <amount>5000</amount>
            </item>	
            <item>
                <id>2970</id>
                <amount>5000</amount>
            </item>				
            <item>
                <id>6049</id>
                <amount>5000</amount>
            </item>	
            <item>
                <id>245</id>
                <amount>5000</amount>
            </item>		
            <item>
                <id>1942</id>
                <amount>5000</amount>
            </item>		
            <item>
                <id>247</id>
                <amount>5000</amount>
            </item>		
            <item>
                <id>6693</id>
                <amount>5000</amount>
            </item>	
            <item>
                <id>221</id>
                <amount>5000</amount>
            </item>	
            <item>
                <id>243</id>
                <amount>5000</amount>
            </item>				
        </items>
    </ShopDefinition>	

	    //Oziach store
    <ShopDefinition>
        <id>34</id>
        <name>Oziach store</name>
        <general>false</general>
        <items>
            <item>
                <id>1127</id>
                <amount>10</amount>
            </item>			
            <item>
                <id>1135</id>
                <amount>10</amount>
            </item>
        </items>
    </ShopDefinition>	

	    //Fishing store
    <ShopDefinition>
        <id>35</id>
        <name>Fishing store</name>
        <general>false</general>
        <items>
            <item>
                <id>1127</id>
                <amount>1000</amount>
            </item>			
            <item>
                <id>1135</id>
                <amount>1000</amount>
            </item>
        </items>
    </ShopDefinition>		
	
	    //Mould store
    <ShopDefinition>
        <id>36</id>
        <name>Mould store</name>
        <general>false</general>
        <items>
            <item>
                <id>1592</id>
                <amount>1000</amount>
            </item>			
            <item>
                <id>1595</id>
                <amount>1000</amount>
            </item>
            <item>
                <id>1597</id>
                <amount>1000</amount>
            </item>			
        </items>
    </ShopDefinition>		
	
	    //Williams store
    <ShopDefinition>
        <id>37</id>
        <name>William the slave's store</name>
        <general>false</general>
        <items>
            <item>
                <id>4321</id>
                <amount>100</amount>
            </item>			
            <item>
                <id>4323</id>
                <amount>100</amount>
            </item>
            <item>
                <id>4325</id>
                <amount>100</amount>
            </item>	
            <item>
                <id>4327</id>
                <amount>100</amount>
            </item>	
            <item>
                <id>4329</id>
                <amount>100</amount>
            </item>	
            <item>
                <id>4331</id>
                <amount>100</amount>
            </item>	
            <item>
                <id>4333</id>
                <amount>100</amount>
            </item>			
            <item>
                <id>4341</id>
                <amount>100</amount>
            </item>			
            <item>
                <id>4343</id>
                <amount>100</amount>
            </item>
            <item>
                <id>4345</id>
                <amount>100</amount>
            </item>	
            <item>
                <id>4347</id>
                <amount>100</amount>
            </item>	
            <item>
                <id>4349</id>
                <amount>100</amount>
            </item>	
            <item>
                <id>4351</id>
                <amount>100</amount>
            </item>	
            <item>
                <id>4353</id>
                <amount>100</amount>
            </item>	
            <item>
                <id>4361</id>
                <amount>100</amount>
            </item>			
            <item>
                <id>4363</id>
                <amount>100</amount>
            </item>
            <item>
                <id>4365</id>
                <amount>100</amount>
            </item>	
            <item>
                <id>4367</id>
                <amount>100</amount>
            </item>	
            <item>
                <id>4369</id>
                <amount>100</amount>
            </item>	
            <item>
                <id>4371</id>
                <amount>100</amount>
            </item>	
            <item>
                <id>4373</id>
                <amount>100</amount>
            </item>		
            <item>
                <id>4381</id>
                <amount>100</amount>
            </item>			
            <item>
                <id>4383</id>
                <amount>100</amount>
            </item>
            <item>
                <id>4385</id>
                <amount>100</amount>
            </item>	
            <item>
                <id>4387</id>
                <amount>100</amount>
            </item>	
            <item>
                <id>4389</id>
                <amount>100</amount>
            </item>	
            <item>
                <id>4391</id>
                <amount>100</amount>
            </item>	
            <item>
                <id>4393</id>
                <amount>100</amount>
            </item>	
            <item>
                <id>4401</id>
                <amount>100</amount>
            </item>			
            <item>
                <id>4403</id>
                <amount>100</amount>
            </item>
            <item>
                <id>4405</id>
                <amount>100</amount>
            </item>	
            <item>
                <id>4407</id>
                <amount>100</amount>
            </item>	
            <item>
                <id>4409</id>
                <amount>100</amount>
            </item>	
            <item>
                <id>4411</id>
                <amount>100</amount>
            </item>	
            <item>
                <id>4413</id>
                <amount>100</amount>
            </item>					
        </items>
    </ShopDefinition>	
	
	    //Iron Man Store
    <ShopDefinition>
        <id>38</id>
        <name>Teh Iron Store</name>
        <general>false</general>
        <items>
            <item>
                <id>590</id>
                <amount>150</amount>
            </item>
            <item>
                <id>1351</id>
                <amount>150</amount>
            </item>
            <item>
                <id>1359</id>
                <amount>150</amount>
            </item>
            <item>
                <id>1265</id>
                <amount>150</amount>
            </item>
            <item>
                <id>1275</id>
                <amount>150</amount>
            </item>
            <item>
                <id>1755</id>
                <amount>150</amount>
            </item>
            <item>
                <id>2347</id>
                <amount>150</amount>
            </item>
            <item>
                <id>946</id>
                <amount>150</amount>
            </item>			
            <item>
                <id>1523</id>
                <amount>150</amount>
            </item>			
            <item>
                <id>303</id>
                <amount>150</amount>
            </item>
			<item>
                <id>305</id>
                <amount>150</amount>
            </item>
            <item>
                <id>307</id>
                <amount>150</amount>
            </item>
            <item>
                <id>309</id>
                <amount>150</amount>
            </item>
            <item>
                <id>301</id>
                <amount>150</amount>
            </item>
            <item>
                <id>311</id>
                <amount>150</amount>
            </item>
            <item>
                <id>313</id>
                <amount>10000</amount>
            </item>
            <item>
                <id>314</id>
                <amount>10000</amount>
            </item>
            <item>
                <id>11940</id>
                <amount>10000</amount>
            </item>
            <item>
                <id>228</id>
                <amount>100000</amount>
            </item>
            <item>
                <id>1592</id>
                <amount>150</amount>
            </item>
            <item>
                <id>1597</id>
                <amount>150</amount>
            </item>
            <item>
                <id>1595</id>
                <amount>150</amount>
            </item>
            <item>
                <id>952</id>
                <amount>150</amount>
            </item>
            <item>
                <id>1735</id>
                <amount>150</amount>
            </item>
            <item>
                <id>5341</id>
                <amount>150</amount>
            </item>
            <item>
                <id>5343</id>
                <amount>150</amount>
            </item>
            <item>
                <id>5325</id>
                <amount>150</amount>
            </item>
            <item>
                <id>6036</id>
                <amount>2500</amount>
            </item>
            <item>
                <id>233</id>
                <amount>150</amount>
            </item>
			<item>
                <id>1733</id>
                <amount>10000</amount>
            </item>
            <item>
                <id>1734</id>
                <amount>10000</amount>
            </item>
            <item>
                <id>954</id>
                <amount>150</amount>
            </item>
            <item>
                <id>1540</id>
                <amount>150</amount>
            </item>
        </items>
    </ShopDefinition>	

	    //Iron Man Armours Store
    <ShopDefinition>
        <id>39</id>
        <name>Teh Iron Armours Store</name>
        <general>false</general>
        <items>
            <item>
                <id>10498</id>
                <amount>150</amount>
            </item>
            <item>
                <id>10499</id>
                <amount>150</amount>
            </item>			
			
            <item>
                <id>3840</id>
                <amount>150</amount>
            </item>	
            <item>
                <id>3842</id>
                <amount>150</amount>
            </item>	
            <item>
                <id>3844</id>
                <amount>150</amount>
            </item>	
            <item>
                <id>4567</id>
                <amount>150</amount>
            </item>	
            <item>
                <id>4551</id>
                <amount>150</amount>
            </item>				
            <item>
                <id>7534</id>
                <amount>150</amount>
            </item>
            <item>
                <id>10862</id>
                <amount>150</amount>
            </item>		
            <item>
                <id>6109</id>
                <amount>150</amount>
            </item>	
            <item>
                <id>6107</id>
                <amount>150</amount>
            </item>				
            <item>
                <id>6108</id>
                <amount>150</amount>
            </item>
            <item>
                <id>6110</id>
                <amount>150</amount>
            </item>				
            <item>
                <id>6106</id>
                <amount>150</amount>
            </item>		
            <item>
                <id>6111</id>
                <amount>150</amount>
            </item>		
            <item>
                <id>544</id>
                <amount>150</amount>
            </item>		
            <item>
                <id>542</id>
                <amount>150</amount>
            </item>
            <item>
                <id>3105</id>
                <amount>150</amount>
            </item>	
            <item>
                <id>9666</id>
                <amount>150</amount>
            </item>	            <item>
                <id>9670</id>
                <amount>150</amount>
            </item>				
        </items>
    </ShopDefinition>	
	
	    Clothing Store
    <ShopDefinition>
        <id>40</id>
        <name>Clothing Store</name>
        <general>false</general>
        <items>		
            <item>
                <id>658</id>
                <amount>150</amount>
            </item>
            <item>
                <id>638</id>
                <amount>150</amount>
            </item>	
            <item>
                <id>648</id>
                <amount>150</amount>
            </item>	
            <item>
                <id>628</id>
                <amount>150</amount>
            </item>		
            <item>
                <id>656</id>
                <amount>150</amount>
            </item>
            <item>
                <id>636</id>
                <amount>150</amount>
            </item>	
            <item>
                <id>646</id>
                <amount>150</amount>
            </item>	
            <item>
                <id>626</id>
                <amount>150</amount>
            </item>	
            <item>
                <id>664</id>
                <amount>150</amount>
            </item>	
            <item>
                <id>660</id>
                <amount>150</amount>
            </item>
            <item>
                <id>640</id>
                <amount>150</amount>
            </item>	
            <item>
                <id>650</id>
                <amount>150</amount>
            </item>	
            <item>
                <id>630</id>
                <amount>150</amount>
            </item>	
			<item>
                <id>662</id>
                <amount>150</amount>
            </item>
            <item>
                <id>642</id>
                <amount>150</amount>
            </item>	
            <item>
                <id>652</id>
                <amount>150</amount>
            </item>	
            <item>
                <id>632</id>
                <amount>150</amount>
            </item>	
            <item>
                <id>644</id>
                <amount>150</amount>
            </item>		
			<item>
                <id>2900</id>
                <amount>150</amount>
            </item>
            <item>
                <id>2896</id>
                <amount>150</amount>
            </item>	
            <item>
                <id>2898</id>
                <amount>150</amount>
            </item>	
            <item>
                <id>2894</id>
                <amount>150</amount>
            </item>
			<item>
                <id>2910</id>
                <amount>150</amount>
            </item>
            <item>
                <id>2906</id>
                <amount>150</amount>
            </item>	
            <item>
                <id>2908</id>
                <amount>150</amount>
            </item>	
            <item>
                <id>2904</id>
                <amount>150</amount>
            </item>	
            <item>
                <id>654</id>
                <amount>150</amount>
            </item>		
			<item>
                <id>2920</id>
                <amount>150</amount>
            </item>
            <item>
                <id>2916</id>
                <amount>150</amount>
            </item>	
            <item>
                <id>2918</id>
                <amount>150</amount>
            </item>	
            <item>
                <id>2914</id>
                <amount>150</amount>
            </item>		
			<item>
                <id>2930</id>
                <amount>150</amount>
            </item>
            <item>
                <id>2926</id>
                <amount>150</amount>
            </item>	
            <item>
                <id>2928</id>
                <amount>150</amount>
            </item>	
            <item>
                <id>2924</id>
                <amount>150</amount>
            </item>				
            <item>
                <id>634</id>
                <amount>150</amount>
            </item>				
        </items>
    </ShopDefinition>	
	
    //Clothing Store
    <ShopDefinition>
        <id>41</id>
        <name>Iron Man Misc Store</name>
        <general>false</general>
        <items>		
            <item>
                <id>2890</id>
                <amount>150</amount>
            </item>			
        </items>
	</ShopDefinition>	
	
</list>