<list>
	<RangedStrengthDefinition>
		<id>15241</id>
		<bonus>130</bonus>
	</RangedStrengthDefinition>
	<RangedStrengthDefinition>
		<id>9144</id>
		<bonus>115</bonus>
	</RangedStrengthDefinition>
	<RangedStrengthDefinition>
		<id>4740</id>
		<bonus>55</bonus>
	</RangedStrengthDefinition>
	<RangedStrengthDefinition>
		<id>39</id>
		<bonus>7</bonus>
	</RangedStrengthDefinition>
	<RangedStrengthDefinition>
		<id>40</id>
		<bonus>10</bonus>
	</RangedStrengthDefinition>
	<RangedStrengthDefinition>
		<id>6522</id>
		<bonus>30</bonus>
	</RangedStrengthDefinition>
	<RangedStrengthDefinition>
		<id>41</id>
		<bonus>16</bonus>
	</RangedStrengthDefinition>
	<RangedStrengthDefinition>
		<id>42</id>
		<bonus>22</bonus>
	</RangedStrengthDefinition>
	<RangedStrengthDefinition>
		<id>43</id>
		<bonus>31</bonus>
	</RangedStrengthDefinition>
	<RangedStrengthDefinition>
		<id>44</id>
		<bonus>49</bonus>
	</RangedStrengthDefinition>
	<RangedStrengthDefinition>
		<id>45</id>
		<bonus>14</bonus>
	</RangedStrengthDefinition>
	<RangedStrengthDefinition>
		<id>46</id>
		<bonus>48</bonus>
	</RangedStrengthDefinition>
	<RangedStrengthDefinition>
		<id>806</id>
		<bonus>1</bonus>
	</RangedStrengthDefinition>
	<RangedStrengthDefinition>
		<id>807</id>
		<bonus>3</bonus>
	</RangedStrengthDefinition>
	<RangedStrengthDefinition>
		<id>808</id>
		<bonus>4</bonus>
	</RangedStrengthDefinition>
	<RangedStrengthDefinition>
		<id>809</id>
		<bonus>7</bonus>
	</RangedStrengthDefinition>
	<RangedStrengthDefinition>
		<id>810</id>
		<bonus>10</bonus>
	</RangedStrengthDefinition>
	<RangedStrengthDefinition>
		<id>811</id>
		<bonus>14</bonus>
	</RangedStrengthDefinition>
	<RangedStrengthDefinition>
		<id>812</id>
		<bonus>1</bonus>
	</RangedStrengthDefinition>
	<RangedStrengthDefinition>
		<id>813</id>
		<bonus>3</bonus>
	</RangedStrengthDefinition>
	<RangedStrengthDefinition>
		<id>814</id>
		<bonus>4</bonus>
	</RangedStrengthDefinition>
	<RangedStrengthDefinition>
		<id>815</id>
		<bonus>7</bonus>
	</RangedStrengthDefinition>
	<RangedStrengthDefinition>
		<id>816</id>
		<bonus>10</bonus>
	</RangedStrengthDefinition>
	<RangedStrengthDefinition>
		<id>817</id>
		<bonus>14</bonus>
	</RangedStrengthDefinition>
	<RangedStrengthDefinition>
		<id>819</id>
		<bonus>1</bonus>
	</RangedStrengthDefinition>
	<RangedStrengthDefinition>
		<id>820</id>
		<bonus>3</bonus>
	</RangedStrengthDefinition>
	<RangedStrengthDefinition>
		<id>821</id>
		<bonus>4</bonus>
	</RangedStrengthDefinition>
	<RangedStrengthDefinition>
		<id>822</id>
		<bonus>7</bonus>
	</RangedStrengthDefinition>
	<RangedStrengthDefinition>
		<id>823</id>
		<bonus>10</bonus>
	</RangedStrengthDefinition>
	<RangedStrengthDefinition>
		<id>824</id>
		<bonus>14</bonus>
	</RangedStrengthDefinition>
	<RangedStrengthDefinition>
		<id>825</id>
		<bonus>6</bonus>
	</RangedStrengthDefinition>
	<RangedStrengthDefinition>
		<id>826</id>
		<bonus>10</bonus>
	</RangedStrengthDefinition>
	<RangedStrengthDefinition>
		<id>827</id>
		<bonus>12</bonus>
	</RangedStrengthDefinition>
	<RangedStrengthDefinition>
		<id>828</id>
		<bonus>18</bonus>
	</RangedStrengthDefinition>
	<RangedStrengthDefinition>
		<id>829</id>
		<bonus>28</bonus>
	</RangedStrengthDefinition>
	<RangedStrengthDefinition>
		<id>830</id>
		<bonus>42</bonus>
	</RangedStrengthDefinition>
	<RangedStrengthDefinition>
		<id>831</id>
		<bonus>6</bonus>
	</RangedStrengthDefinition>
	<RangedStrengthDefinition>
		<id>832</id>
		<bonus>10</bonus>
	</RangedStrengthDefinition>
	<RangedStrengthDefinition>
		<id>833</id>
		<bonus>12</bonus>
	</RangedStrengthDefinition>
	<RangedStrengthDefinition>
		<id>834</id>
		<bonus>18</bonus>
	</RangedStrengthDefinition>
	<RangedStrengthDefinition>
		<id>835</id>
		<bonus>28</bonus>
	</RangedStrengthDefinition>
	<RangedStrengthDefinition>
		<id>836</id>
		<bonus>42</bonus>
	</RangedStrengthDefinition>
	<RangedStrengthDefinition>
		<id>863</id>
		<bonus>4</bonus>
	</RangedStrengthDefinition>
	<RangedStrengthDefinition>
		<id>864</id>
		<bonus>3</bonus>
	</RangedStrengthDefinition>
	<RangedStrengthDefinition>
		<id>865</id>
		<bonus>7</bonus>
	</RangedStrengthDefinition>
	<RangedStrengthDefinition>
		<id>866</id>
		<bonus>10</bonus>
	</RangedStrengthDefinition>
	<RangedStrengthDefinition>
		<id>867</id>
		<bonus>14</bonus>
	</RangedStrengthDefinition>
	<RangedStrengthDefinition>
		<id>868</id>
		<bonus>24</bonus>
	</RangedStrengthDefinition>
	<RangedStrengthDefinition>
		<id>869</id>
		<bonus>8</bonus>
	</RangedStrengthDefinition>
	<RangedStrengthDefinition>
		<id>870</id>
		<bonus>3</bonus>
	</RangedStrengthDefinition>
	<RangedStrengthDefinition>
		<id>871</id>
		<bonus>4</bonus>
	</RangedStrengthDefinition>
	<RangedStrengthDefinition>
		<id>872</id>
		<bonus>7</bonus>
	</RangedStrengthDefinition>
	<RangedStrengthDefinition>
		<id>873</id>
		<bonus>10</bonus>
	</RangedStrengthDefinition>
	<RangedStrengthDefinition>
		<id>874</id>
		<bonus>8</bonus>
	</RangedStrengthDefinition>
	<RangedStrengthDefinition>
		<id>875</id>
		<bonus>14</bonus>
	</RangedStrengthDefinition>
	<RangedStrengthDefinition>
		<id>876</id>
		<bonus>24</bonus>
	</RangedStrengthDefinition>
	<RangedStrengthDefinition>
		<id>877</id>
		<bonus>10</bonus>
	</RangedStrengthDefinition>
	<RangedStrengthDefinition>
		<id>878</id>
		<bonus>10</bonus>
	</RangedStrengthDefinition>
	<RangedStrengthDefinition>
		<id>879</id>
		<bonus>14</bonus>
	</RangedStrengthDefinition>
	<RangedStrengthDefinition>
		<id>880</id>
		<bonus>48</bonus>
	</RangedStrengthDefinition>
	<RangedStrengthDefinition>
		<id>882</id>
		<bonus>7</bonus>
	</RangedStrengthDefinition>
	<RangedStrengthDefinition>
		<id>883</id>
		<bonus>7</bonus>
	</RangedStrengthDefinition>
	<RangedStrengthDefinition>
		<id>884</id>
		<bonus>10</bonus>
	</RangedStrengthDefinition>
	<RangedStrengthDefinition>
		<id>885</id>
		<bonus>10</bonus>
	</RangedStrengthDefinition>
	<RangedStrengthDefinition>
		<id>886</id>
		<bonus>16</bonus>
	</RangedStrengthDefinition>
	<RangedStrengthDefinition>
		<id>887</id>
		<bonus>16</bonus>
	</RangedStrengthDefinition>
	<RangedStrengthDefinition>
		<id>888</id>
		<bonus>22</bonus>
	</RangedStrengthDefinition>
	<RangedStrengthDefinition>
		<id>889</id>
		<bonus>22</bonus>
	</RangedStrengthDefinition>
	<RangedStrengthDefinition>
		<id>890</id>
		<bonus>31</bonus>
	</RangedStrengthDefinition>
	<RangedStrengthDefinition>
		<id>891</id>
		<bonus>31</bonus>
	</RangedStrengthDefinition>
	<RangedStrengthDefinition>
		<id>892</id>
		<bonus>49</bonus>
	</RangedStrengthDefinition>
	<RangedStrengthDefinition>
		<id>893</id>
		<bonus>49</bonus>
	</RangedStrengthDefinition>
	<RangedStrengthDefinition>
		<id>3093</id>
		<bonus>6</bonus>
	</RangedStrengthDefinition>
	<RangedStrengthDefinition>
		<id>3094</id>
		<bonus>6</bonus>
	</RangedStrengthDefinition>
	<RangedStrengthDefinition>
		<id>4212</id>
		<bonus>70</bonus>
	</RangedStrengthDefinition>
	<RangedStrengthDefinition>
		<id>4213</id>
		<bonus>70</bonus>
	</RangedStrengthDefinition>
	<RangedStrengthDefinition>
		<id>4214</id>
		<bonus>70</bonus>
	</RangedStrengthDefinition>
	<RangedStrengthDefinition>
		<id>4215</id>
		<bonus>70</bonus>
	</RangedStrengthDefinition>
	<RangedStrengthDefinition>
		<id>4216</id>
		<bonus>70</bonus>
	</RangedStrengthDefinition>
	<RangedStrengthDefinition>
		<id>4217</id>
		<bonus>70</bonus>
	</RangedStrengthDefinition>
	<RangedStrengthDefinition>
		<id>4218</id>
		<bonus>70</bonus>
	</RangedStrengthDefinition>
	<RangedStrengthDefinition>
		<id>4219</id>
		<bonus>70</bonus>
	</RangedStrengthDefinition>
	<RangedStrengthDefinition>
		<id>4220</id>
		<bonus>70</bonus>
	</RangedStrengthDefinition>
	<RangedStrengthDefinition>
		<id>4221</id>
		<bonus>70</bonus>
	</RangedStrengthDefinition>
	<RangedStrengthDefinition>
		<id>4222</id>
		<bonus>70</bonus>
	</RangedStrengthDefinition>
	<RangedStrengthDefinition>
		<id>4223</id>
		<bonus>70</bonus>
	</RangedStrengthDefinition>
	<RangedStrengthDefinition>
		<id>5616</id>
		<bonus>7</bonus>
	</RangedStrengthDefinition>
	<RangedStrengthDefinition>
		<id>5617</id>
		<bonus>10</bonus>
	</RangedStrengthDefinition>
	<RangedStrengthDefinition>
		<id>5618</id>
		<bonus>16</bonus>
	</RangedStrengthDefinition>
	<RangedStrengthDefinition>
		<id>5619</id>
		<bonus>22</bonus>
	</RangedStrengthDefinition>
	<RangedStrengthDefinition>
		<id>5620</id>
		<bonus>31</bonus>
	</RangedStrengthDefinition>
	<RangedStrengthDefinition>
		<id>5621</id>
		<bonus>49</bonus>
	</RangedStrengthDefinition>
	<RangedStrengthDefinition>
		<id>5622</id>
		<bonus>7</bonus>
	</RangedStrengthDefinition>
	<RangedStrengthDefinition>
		<id>5623</id>
		<bonus>10</bonus>
	</RangedStrengthDefinition>
	<RangedStrengthDefinition>
		<id>5624</id>
		<bonus>16</bonus>
	</RangedStrengthDefinition>
	<RangedStrengthDefinition>
		<id>5625</id>
		<bonus>22</bonus>
	</RangedStrengthDefinition>
	<RangedStrengthDefinition>
		<id>5626</id>
		<bonus>31</bonus>
	</RangedStrengthDefinition>
	<RangedStrengthDefinition>
		<id>5627</id>
		<bonus>49</bonus>
	</RangedStrengthDefinition>
	<RangedStrengthDefinition>
		<id>5628</id>
		<bonus>1</bonus>
	</RangedStrengthDefinition>
	<RangedStrengthDefinition>
		<id>5629</id>
		<bonus>3</bonus>
	</RangedStrengthDefinition>
	<RangedStrengthDefinition>
		<id>5630</id>
		<bonus>4</bonus>
	</RangedStrengthDefinition>
	<RangedStrengthDefinition>
		<id>5631</id>
		<bonus>6</bonus>
	</RangedStrengthDefinition>
	<RangedStrengthDefinition>
		<id>5632</id>
		<bonus>7</bonus>
	</RangedStrengthDefinition>
	<RangedStrengthDefinition>
		<id>5633</id>
		<bonus>10</bonus>
	</RangedStrengthDefinition>
	<RangedStrengthDefinition>
		<id>5634</id>
		<bonus>14</bonus>
	</RangedStrengthDefinition>
	<RangedStrengthDefinition>
		<id>5635</id>
		<bonus>1</bonus>
	</RangedStrengthDefinition>
	<RangedStrengthDefinition>
		<id>5636</id>
		<bonus>3</bonus>
	</RangedStrengthDefinition>
	<RangedStrengthDefinition>
		<id>5637</id>
		<bonus>4</bonus>
	</RangedStrengthDefinition>
	<RangedStrengthDefinition>
		<id>5638</id>
		<bonus>6</bonus>
	</RangedStrengthDefinition>
	<RangedStrengthDefinition>
		<id>5639</id>
		<bonus>7</bonus>
	</RangedStrengthDefinition>
	<RangedStrengthDefinition>
		<id>5640</id>
		<bonus>10</bonus>
	</RangedStrengthDefinition>
	<RangedStrengthDefinition>
		<id>5641</id>
		<bonus>14</bonus>
	</RangedStrengthDefinition>
	<RangedStrengthDefinition>
		<id>5642</id>
		<bonus>6</bonus>
	</RangedStrengthDefinition>
	<RangedStrengthDefinition>
		<id>5643</id>
		<bonus>10</bonus>
	</RangedStrengthDefinition>
	<RangedStrengthDefinition>
		<id>5644</id>
		<bonus>12</bonus>
	</RangedStrengthDefinition>
	<RangedStrengthDefinition>
		<id>5645</id>
		<bonus>18</bonus>
	</RangedStrengthDefinition>
	<RangedStrengthDefinition>
		<id>5646</id>
		<bonus>28</bonus>
	</RangedStrengthDefinition>
	<RangedStrengthDefinition>
		<id>5647</id>
		<bonus>42</bonus>
	</RangedStrengthDefinition>
	<RangedStrengthDefinition>
		<id>5649</id>
		<bonus>10</bonus>
	</RangedStrengthDefinition>
	<RangedStrengthDefinition>
		<id>5650</id>
		<bonus>12</bonus>
	</RangedStrengthDefinition>
	<RangedStrengthDefinition>
		<id>5651</id>
		<bonus>18</bonus>
	</RangedStrengthDefinition>
	<RangedStrengthDefinition>
		<id>5652</id>
		<bonus>28</bonus>
	</RangedStrengthDefinition>
	<RangedStrengthDefinition>
		<id>5653</id>
		<bonus>42</bonus>
	</RangedStrengthDefinition>
	<RangedStrengthDefinition>
		<id>5654</id>
		<bonus>3</bonus>
	</RangedStrengthDefinition>
	<RangedStrengthDefinition>
		<id>5655</id>
		<bonus>4</bonus>
	</RangedStrengthDefinition>
	<RangedStrengthDefinition>
		<id>5656</id>
		<bonus>7</bonus>
	</RangedStrengthDefinition>
	<RangedStrengthDefinition>
		<id>5657</id>
		<bonus>10</bonus>
	</RangedStrengthDefinition>
	<RangedStrengthDefinition>
		<id>5658</id>
		<bonus>8</bonus>
	</RangedStrengthDefinition>
	<RangedStrengthDefinition>
		<id>5659</id>
		<bonus>14</bonus>
	</RangedStrengthDefinition>
	<RangedStrengthDefinition>
		<id>5660</id>
		<bonus>24</bonus>
	</RangedStrengthDefinition>
	<RangedStrengthDefinition>
		<id>5661</id>
		<bonus>3</bonus>
	</RangedStrengthDefinition>
	<RangedStrengthDefinition>
		<id>5662</id>
		<bonus>4</bonus>
	</RangedStrengthDefinition>
	<RangedStrengthDefinition>
		<id>5663</id>
		<bonus>7</bonus>
	</RangedStrengthDefinition>
	<RangedStrengthDefinition>
		<id>5664</id>
		<bonus>10</bonus>
	</RangedStrengthDefinition>
	<RangedStrengthDefinition>
		<id>5665</id>
		<bonus>8</bonus>
	</RangedStrengthDefinition>
	<RangedStrengthDefinition>
		<id>5666</id>
		<bonus>14</bonus>
	</RangedStrengthDefinition>
	<RangedStrengthDefinition>
		<id>5667</id>
		<bonus>24</bonus>
	</RangedStrengthDefinition>
	<RangedStrengthDefinition>
		<id>6061</id>
		<bonus>10</bonus>
	</RangedStrengthDefinition>
	<RangedStrengthDefinition>
		<id>6062</id>
		<bonus>10</bonus>
	</RangedStrengthDefinition>
	<RangedStrengthDefinition>
		<id>7552</id>
		<bonus>22</bonus>
	</RangedStrengthDefinition>
	<RangedStrengthDefinition>
		<id>7553</id>
		<bonus>22</bonus>
	</RangedStrengthDefinition>
	<RangedStrengthDefinition>
		<id>9140</id>
		<bonus>46</bonus>
	</RangedStrengthDefinition>
	<RangedStrengthDefinition>
		<id>9141</id>
		<bonus>64</bonus>
	</RangedStrengthDefinition>
	<RangedStrengthDefinition>
		<id>9142</id>
		<bonus>82</bonus>
	</RangedStrengthDefinition>
	<RangedStrengthDefinition>
		<id>9143</id>
		<bonus>100</bonus>
	</RangedStrengthDefinition>
	<RangedStrengthDefinition>
		<id>9187</id>
		<bonus>30</bonus>
	</RangedStrengthDefinition>
	<RangedStrengthDefinition>
		<id>9189</id>
		<bonus>83</bonus>
	</RangedStrengthDefinition>
	<RangedStrengthDefinition>
		<id>9190</id>
		<bonus>85</bonus>
	</RangedStrengthDefinition>
	<RangedStrengthDefinition>
		<id>9191</id>
		<bonus>103</bonus>
	</RangedStrengthDefinition>
	<RangedStrengthDefinition>
		<id>9192</id>
		<bonus>105</bonus>
	</RangedStrengthDefinition>
	<RangedStrengthDefinition>
		<id>9193</id>
		<bonus>117</bonus>
	</RangedStrengthDefinition>
	<RangedStrengthDefinition>
		<id>9194</id>
		<bonus>120</bonus>
	</RangedStrengthDefinition>
	<RangedStrengthDefinition>
		<id>9236</id>
		<bonus>14</bonus>
	</RangedStrengthDefinition>
	<RangedStrengthDefinition>
		<id>9237</id>
		<bonus>30</bonus>
	</RangedStrengthDefinition>
	<RangedStrengthDefinition>
		<id>9238</id>
		<bonus>48</bonus>
	</RangedStrengthDefinition>
	<RangedStrengthDefinition>
		<id>9240</id>
		<bonus>83</bonus>
	</RangedStrengthDefinition>
	<RangedStrengthDefinition>
		<id>9241</id>
		<bonus>85</bonus>
	</RangedStrengthDefinition>
	<RangedStrengthDefinition>
		<id>9242</id>
		<bonus>103</bonus>
	</RangedStrengthDefinition>
	<RangedStrengthDefinition>
		<id>9243</id>
		<bonus>105</bonus>
	</RangedStrengthDefinition>
	<RangedStrengthDefinition>
		<id>9244</id>
		<bonus>117</bonus>
	</RangedStrengthDefinition>
	<RangedStrengthDefinition>
		<id>9245</id>
		<bonus>120</bonus>
	</RangedStrengthDefinition>
	<RangedStrengthDefinition>
		<id>9287</id>
		<bonus>46</bonus>
	</RangedStrengthDefinition>
	<RangedStrengthDefinition>
		<id>9288</id>
		<bonus>64</bonus>
	</RangedStrengthDefinition>
	<RangedStrengthDefinition>
		<id>9289</id>
		<bonus>82</bonus>
	</RangedStrengthDefinition>
	<RangedStrengthDefinition>
		<id>9290</id>
		<bonus>100</bonus>
	</RangedStrengthDefinition>
	<RangedStrengthDefinition>
		<id>9294</id>
		<bonus>46</bonus>
	</RangedStrengthDefinition>
	<RangedStrengthDefinition>
		<id>9295</id>
		<bonus>64</bonus>
	</RangedStrengthDefinition>
	<RangedStrengthDefinition>
		<id>9296</id>
		<bonus>82</bonus>
	</RangedStrengthDefinition>
	<RangedStrengthDefinition>
		<id>9297</id>
		<bonus>100</bonus>
	</RangedStrengthDefinition>
	<RangedStrengthDefinition>
		<id>9301</id>
		<bonus>46</bonus>
	</RangedStrengthDefinition>
	<RangedStrengthDefinition>
		<id>9302</id>
		<bonus>64</bonus>
	</RangedStrengthDefinition>
	<RangedStrengthDefinition>
		<id>9303</id>
		<bonus>82</bonus>
	</RangedStrengthDefinition>
	<RangedStrengthDefinition>
		<id>9304</id>
		<bonus>100</bonus>
	</RangedStrengthDefinition>
	<RangedStrengthDefinition>
		<id>9335</id>
		<bonus>30</bonus>
	</RangedStrengthDefinition>
	<RangedStrengthDefinition>
		<id>9337</id>
		<bonus>83</bonus>
	</RangedStrengthDefinition>
	<RangedStrengthDefinition>
		<id>9338</id>
		<bonus>85</bonus>
	</RangedStrengthDefinition>
	<RangedStrengthDefinition>
		<id>9339</id>
		<bonus>103</bonus>
	</RangedStrengthDefinition>
	<RangedStrengthDefinition>
		<id>9340</id>
		<bonus>105</bonus>
	</RangedStrengthDefinition>
	<RangedStrengthDefinition>
		<id>9341</id>
		<bonus>117</bonus>
	</RangedStrengthDefinition>
	<RangedStrengthDefinition>
		<id>9342</id>
		<bonus>120</bonus>
	</RangedStrengthDefinition>
	<RangedStrengthDefinition>
		<id>9375</id>
		<bonus>10</bonus>
	</RangedStrengthDefinition>
	<RangedStrengthDefinition>
		<id>9377</id>
		<bonus>46</bonus>
	</RangedStrengthDefinition>
	<RangedStrengthDefinition>
		<id>9378</id>
		<bonus>64</bonus>
	</RangedStrengthDefinition>
	<RangedStrengthDefinition>
		<id>9379</id>
		<bonus>82</bonus>
	</RangedStrengthDefinition>
	<RangedStrengthDefinition>
		<id>9380</id>
		<bonus>100</bonus>
	</RangedStrengthDefinition>
	<RangedStrengthDefinition>
		<id>10033</id>
		<bonus>70</bonus>
	</RangedStrengthDefinition>
	<RangedStrengthDefinition>
		<id>10034</id>
		<bonus>85</bonus>
	</RangedStrengthDefinition>
	<RangedStrengthDefinition>
		<id>11212</id>
		<bonus>60</bonus>
	</RangedStrengthDefinition>
	<RangedStrengthDefinition>
		<id>11227</id>
		<bonus>60</bonus>
	</RangedStrengthDefinition>
	<RangedStrengthDefinition>
		<id>11228</id>
		<bonus>60</bonus>
	</RangedStrengthDefinition>
	<RangedStrengthDefinition>
		<id>11229</id>
		<bonus>60</bonus>
	</RangedStrengthDefinition>
	<RangedStrengthDefinition>
		<id>11230</id>
		<bonus>20</bonus>
	</RangedStrengthDefinition>
	<RangedStrengthDefinition>
		<id>11231</id>
		<bonus>20</bonus>
	</RangedStrengthDefinition>
	<RangedStrengthDefinition>
		<id>11232</id>
		<bonus>20</bonus>
	</RangedStrengthDefinition>
	<RangedStrengthDefinition>
		<id>11233</id>
		<bonus>20</bonus>
	</RangedStrengthDefinition>
	<RangedStrengthDefinition>
		<id>11234</id>
		<bonus>20</bonus>
	</RangedStrengthDefinition>
	<RangedStrengthDefinition>
		<id>11237</id>
		<bonus>60</bonus>
	</RangedStrengthDefinition>
	<RangedStrengthDefinition>
		<id>13083</id>
		<bonus>75</bonus>
	</RangedStrengthDefinition>
	<RangedStrengthDefinition>
		<id>13084</id>
		<bonus>75</bonus>
	</RangedStrengthDefinition>
	<RangedStrengthDefinition>
		<id>13085</id>
		<bonus>75</bonus>
	</RangedStrengthDefinition>
	<RangedStrengthDefinition>
		<id>13086</id>
		<bonus>75</bonus>
	</RangedStrengthDefinition>
	<RangedStrengthDefinition>
		<id>13879</id>
		<bonus>145</bonus>
	</RangedStrengthDefinition>
	<RangedStrengthDefinition>
		<id>13880</id>
		<bonus>145</bonus>
	</RangedStrengthDefinition>
	<RangedStrengthDefinition>
		<id>13881</id>
		<bonus>145</bonus>
	</RangedStrengthDefinition>
	<RangedStrengthDefinition>
		<id>13882</id>
		<bonus>145</bonus>
	</RangedStrengthDefinition>
	<RangedStrengthDefinition>
		<id>13883</id>
		<bonus>117</bonus>
	</RangedStrengthDefinition>
	<RangedStrengthDefinition>
		<id>13953</id>
		<bonus>145</bonus>
	</RangedStrengthDefinition>
	<RangedStrengthDefinition>
		<id>13954</id>
		<bonus>145</bonus>
	</RangedStrengthDefinition>
	<RangedStrengthDefinition>
		<id>13955</id>
		<bonus>145</bonus>
	</RangedStrengthDefinition>
	<RangedStrengthDefinition>
		<id>13956</id>
		<bonus>145</bonus>
	</RangedStrengthDefinition>
	<RangedStrengthDefinition>
		<id>13957</id>
		<bonus>117</bonus>
	</RangedStrengthDefinition>
	<RangedStrengthDefinition>
		<id>15243</id>
		<bonus>150</bonus>
	</RangedStrengthDefinition>
</list>
